https://images.leadconnectorhq.com/image/f_webp/q_85/r_1600/u_https://assets.cdn.filesafe.space/z3EkWHCfxj0adESFsfwp/media/69f20314f50d9ecd2e0d57e5.png	default.webp
https://images.leadconnectorhq.com/image/f_webp/q_85/r_1600/u_https://assets.cdn.filesafe.space/z3EkWHCfxj0adESFsfwp/media/69f201f6d696846120299b11.jpg	outdoor-living-spaces.webp
https://images.leadconnectorhq.com/image/f_webp/q_85/r_1600/u_https://assets.cdn.filesafe.space/z3EkWHCfxj0adESFsfwp/media/666062856cee2b883d5b5876.jpeg	whole-home-remodel.webp
https://images.leadconnectorhq.com/image/f_webp/q_85/r_1600/u_https://assets.cdn.filesafe.space/z3EkWHCfxj0adESFsfwp/media/666302dd1848ae5d9d9e98f6.jpeg	design-build.webp
https://images.leadconnectorhq.com/image/f_webp/q_85/r_1600/u_https://assets.cdn.filesafe.space/z3EkWHCfxj0adESFsfwp/media/6662faad156912e3d97a71f7.jpeg	kitchen-remodeling.webp
https://images.leadconnectorhq.com/image/f_webp/q_85/r_1600/u_https://assets.cdn.filesafe.space/z3EkWHCfxj0adESFsfwp/media/69f3452422c996373193afc2.jpg	feature-fireplace-wall.webp
https://images.leadconnectorhq.com/image/f_webp/q_85/r_1600/u_https://assets.cdn.filesafe.space/z3EkWHCfxj0adESFsfwp/media/6662faad1b8465c5dda3b346.jpeg	door-windows.webp
https://images.leadconnectorhq.com/image/f_webp/q_85/r_1600/u_https://assets.cdn.filesafe.space/z3EkWHCfxj0adESFsfwp/media/6655dc4cc6bcc8b6f5d5dcb7.jpeg	other-services.webp
https://images.leadconnectorhq.com/image/f_webp/q_85/r_1600/u_https://assets.cdn.filesafe.space/z3EkWHCfxj0adESFsfwp/media/680a316cbf0fe9e17e73f8e6.png	about.webp
https://images.leadconnectorhq.com/image/f_webp/q_85/r_1600/u_https://assets.cdn.filesafe.space/z3EkWHCfxj0adESFsfwp/media/665498a34215bcfe1820f7a8.png	logo.webp
https://images.leadconnectorhq.com/image/f_webp/q_85/r_1600/u_https://assets.cdn.filesafe.space/z3EkWHCfxj0adESFsfwp/media/66549d76716298679420af90.png	logo_footer.webp
https://images.leadconnectorhq.com/image/f_webp/q_85/r_1600/u_https://assets.cdn.filesafe.space/z3EkWHCfxj0adESFsfwp/media/6655cdd4ef816e4794a4a00b.png	acorn.webp
https://images.leadconnectorhq.com/image/f_webp/q_85/r_1600/u_https://assets.cdn.filesafe.space/z3EkWHCfxj0adESFsfwp/media/678679981842f267ffe536e7.jpeg	project-01.webp
https://images.leadconnectorhq.com/image/f_webp/q_85/r_1600/u_https://assets.cdn.filesafe.space/z3EkWHCfxj0adESFsfwp/media/6786799868e4e8346d4d14bb.jpeg	project-02.webp
https://images.leadconnectorhq.com/image/f_webp/q_85/r_1600/u_https://assets.cdn.filesafe.space/z3EkWHCfxj0adESFsfwp/media/6660628528011ec8efb05cc6.jpeg	project-03.webp
https://images.leadconnectorhq.com/image/f_webp/q_85/r_1600/u_https://assets.cdn.filesafe.space/z3EkWHCfxj0adESFsfwp/media/678678cd1842f25c5ae535d9.jpeg	project-04.webp
https://images.leadconnectorhq.com/image/f_webp/q_85/r_1600/u_https://assets.cdn.filesafe.space/z3EkWHCfxj0adESFsfwp/media/6655ce0bef816e14dfa4a04f.png	project-05.webp
https://images.leadconnectorhq.com/image/f_webp/q_85/r_1600/u_https://assets.cdn.filesafe.space/z3EkWHCfxj0adESFsfwp/media/678678cd24d2f5a78162c08d.jpeg	project-06.webp
https://images.leadconnectorhq.com/image/f_webp/q_85/r_1600/u_https://assets.cdn.filesafe.space/z3EkWHCfxj0adESFsfwp/media/69f1fdb7590487fe57bcbaaa.png	project-07.webp
https://images.leadconnectorhq.com/image/f_webp/q_85/r_1600/u_https://assets.cdn.filesafe.space/z3EkWHCfxj0adESFsfwp/media/6786799c6a8fe76d8904d709.jpeg	project-08.webp
https://images.leadconnectorhq.com/image/f_webp/q_85/r_1600/u_https://assets.cdn.filesafe.space/z3EkWHCfxj0adESFsfwp/media/6655cdd41848ae93fb8915ed.png	project-09.webp
https://images.leadconnectorhq.com/image/f_webp/q_85/r_1600/u_https://assets.cdn.filesafe.space/z3EkWHCfxj0adESFsfwp/media/69f1fe9fe84e52bef4ad7a5b.jpg	project-10.webp
https://images.leadconnectorhq.com/image/f_webp/q_85/r_1600/u_https://assets.cdn.filesafe.space/z3EkWHCfxj0adESFsfwp/media/6786799cb16f9b574c876653.jpeg	project-11.webp
https://images.leadconnectorhq.com/image/f_webp/q_85/r_1600/u_https://assets.cdn.filesafe.space/z3EkWHCfxj0adESFsfwp/media/678678cdb6255b0f781e804c.jpeg	project-12.webp
https://images.leadconnectorhq.com/image/f_webp/q_85/r_1600/u_https://assets.cdn.filesafe.space/z3EkWHCfxj0adESFsfwp/media/69f1fdfb032865e20a7f0998.png	project-13.webp
https://images.leadconnectorhq.com/image/f_webp/q_85/r_1600/u_https://assets.cdn.filesafe.space/z3EkWHCfxj0adESFsfwp/media/66606285c6bcc842a9e7d6ee.jpeg	project-14.webp
https://images.leadconnectorhq.com/image/f_webp/q_85/r_1600/u_https://assets.cdn.filesafe.space/z3EkWHCfxj0adESFsfwp/media/66606285a67be41afefa3e71.jpeg	project-15.webp
https://images.leadconnectorhq.com/image/f_webp/q_85/r_1600/u_https://assets.cdn.filesafe.space/z3EkWHCfxj0adESFsfwp/media/678679986a8fe73eee04d707.jpeg	project-16.webp
https://images.leadconnectorhq.com/image/f_webp/q_85/r_1600/u_https://assets.cdn.filesafe.space/z3EkWHCfxj0adESFsfwp/media/6786799891b9f92962cf3a3c.jpeg	project-17.webp
https://images.leadconnectorhq.com/image/f_webp/q_85/r_1600/u_https://assets.cdn.filesafe.space/z3EkWHCfxj0adESFsfwp/media/69f1fccdd69684612028a006.png	project-18.webp
https://images.leadconnectorhq.com/image/f_webp/q_85/r_1600/u_https://assets.cdn.filesafe.space/z3EkWHCfxj0adESFsfwp/media/69f1fd96e84e52bef4ad4d3f.png	project-19.webp
https://images.leadconnectorhq.com/image/f_webp/q_85/r_1600/u_https://assets.cdn.filesafe.space/z3EkWHCfxj0adESFsfwp/media/66549d76716298679420af90.png	project-20.webp
https://images.leadconnectorhq.com/image/f_webp/q_85/r_1600/u_https://assets.cdn.filesafe.space/z3EkWHCfxj0adESFsfwp/media/678678cdb6ea2bac70235b53.jpeg	project-21.webp
https://images.leadconnectorhq.com/image/f_webp/q_85/r_1600/u_https://assets.cdn.filesafe.space/z3EkWHCfxj0adESFsfwp/media/678678cd79883068a78f6542.jpeg	project-22.webp
https://images.leadconnectorhq.com/image/f_webp/q_85/r_1600/u_https://assets.cdn.filesafe.space/z3EkWHCfxj0adESFsfwp/media/6786799891b9f97217cf3a3b.jpeg	project-23.webp
https://images.leadconnectorhq.com/image/f_webp/q_85/r_1600/u_https://assets.cdn.filesafe.space/z3EkWHCfxj0adESFsfwp/media/678679986a8fe7924004d706.jpeg	project-24.webp